"section","item","interpretation"
"Concept","confidence_vs_probability","Softmax output P(HCC) is NOT a calibrated clinical probability. It reflects the model's relative certainty between classes (logit ratio), not the true frequency of HCC among cases with that score. Calibration metrics (ECE/MCE/ACE) quantify this gap. The cosine-based HCC Score provides a complementary, representation-space view aligned with how radiologists reason: 'how much does this lesion resemble typical HCC?'"
"DeLong/Val","A vs B-mean","A vs B-mean: ΔAUROC=+0.0000, p=1.0000. The second metric (B/C) had higher AUROC. The difference was not statistically significant (p≥0.05)."
"DeLong/Val","A vs C-mean","A vs C-mean: ΔAUROC=+0.0000, p=1.0000. The second metric (B/C) had higher AUROC. The difference was not statistically significant (p≥0.05)."
"DeLong/Val","A vs B-kmeans","A vs B-kmeans: ΔAUROC=+0.0000, p=1.0000. The second metric (B/C) had higher AUROC. The difference was not statistically significant (p≥0.05)."
"DeLong/Val","A vs C-kmeans","A vs C-kmeans: ΔAUROC=+0.0000, p=1.0000. The second metric (B/C) had higher AUROC. The difference was not statistically significant (p≥0.05)."
"DeLong/Val","B-mean vs B-kmeans","B-mean vs B-kmeans: ΔAUROC=+0.0000, p=1.0000. The second metric (B/C) had higher AUROC. The difference was not statistically significant (p≥0.05)."
"DeLong/Val","C-mean vs C-kmeans","C-mean vs C-kmeans: ΔAUROC=+0.0000, p=1.0000. The second metric (B/C) had higher AUROC. The difference was not statistically significant (p≥0.05)."
"DeLong/Test","A vs B-mean","A vs B-mean: ΔAUROC=+0.0000, p=1.0000. The second metric (B/C) had higher AUROC. The difference was not statistically significant (p≥0.05)."
"DeLong/Test","A vs C-mean","A vs C-mean: ΔAUROC=+0.0000, p=1.0000. The second metric (B/C) had higher AUROC. The difference was not statistically significant (p≥0.05)."
"DeLong/Test","A vs B-kmeans","A vs B-kmeans: ΔAUROC=+0.0000, p=1.0000. The second metric (B/C) had higher AUROC. The difference was not statistically significant (p≥0.05)."
"DeLong/Test","A vs C-kmeans","A vs C-kmeans: ΔAUROC=+0.0000, p=1.0000. The second metric (B/C) had higher AUROC. The difference was not statistically significant (p≥0.05)."
"DeLong/Test","B-mean vs B-kmeans","B-mean vs B-kmeans: ΔAUROC=+0.0000, p=1.0000. The second metric (B/C) had higher AUROC. The difference was not statistically significant (p≥0.05)."
"DeLong/Test","C-mean vs C-kmeans","C-mean vs C-kmeans: ΔAUROC=+0.0000, p=1.0000. The second metric (B/C) had higher AUROC. The difference was not statistically significant (p≥0.05)."
"Calibration","Val","Val calibration: ECE=0.0372, MCE=0.8261, ACE=0.0372. Model is well calibrated — softmax output approximates true fraction positive."
"Calibration","Test","Test calibration: ECE=0.0117, MCE=0.7745, ACE=0.0117. Model is well calibrated — softmax output approximates true fraction positive."
"Metrics","ROC-B vs ROC-A","ROC-B (HCC Cosine Score, mean prototype) measures embedding-space similarity to the HCC prototype cluster. If AUROC-B ≈ AUROC-A, cosine similarity is a competitive and interpretable alternative. If AUROC-B < AUROC-A, both metrics provide complementary discriminative information."
"Metrics","ROC-C vs ROC-A","ROC-C (ΔScore = HCC cosine − Hemangioma cosine) captures the discriminative margin in embedding space. High ΔScore means the lesion is simultaneously more similar to HCC prototypes AND less similar to Hemangioma prototypes, directly mirroring the radiologist's differential diagnosis reasoning."